<ti:app xmlns:ti="http://ti.appcelerator.org">
<id>com.tidesdk.helloworld</id>
<name>HelloWorld</name>
<version>0.2.0</version>
<publisher>Software in the Public Interest (SPI) Inc</publisher>
<url>http//tidesdk.org</url>
<icon>default_app_logo.png</icon>
<copyright>2012 by David Pratt</copyright>

<window>
<id>initial</id>
<title>HelloWorld</title>
<url>app://index.html</url>
<width>450</width>
<visible>true</visible>
<max-width>3000</max-width>
<min-width>0</min-width>
<height>450</height>
<max-height>3000</max-height>
<min-height>0</min-height>
<fullscreen>false</fullscreen>
<resizable>false</resizable>
<chrome scrollbars="true">true</chrome>
<maximizable>true</maximizable>
<minimizable>true</minimizable>
<closeable>true</closeable>
<transparent>0.4</transparent>
<transparent-background>true</transparent-background>
</window>
</ti:app>